id,prediction
" All values, unless otherwise stated, are in US dollars.""",0.5493085006872813
" All values, unless otherwise stated, are in US dollars.""",0.5690654655297597
" All values, unless otherwise stated, are in US dollars.""",0.6515036225318909
" All values, unless otherwise stated, are in US dollars.""",0.5582056204477946
" All values, unless otherwise stated, are in US dollars.""",0.5648252010345459
" All values, unless otherwise stated, are in US dollars.""",0.6493355711301168
" All values, unless otherwise stated, are in US dollars.""",0.6568889637788137
" All values, unless otherwise stated, are in US dollars.""",0.6520585318406423
" All values, unless otherwise stated, are in US dollars.""",0.5811476727326711
" All values, unless otherwise stated, are in US dollars.""",0.6770619849363962
" All values, unless otherwise stated, are in US dollars.""",0.6891392449537913
" All values, unless otherwise stated, are in US dollars.""",0.6317596733570099
" All values, unless otherwise stated, are in US dollars.""",0.6350947439670562
" All values, unless otherwise stated, are in US dollars.""",0.6259058753649394
" All values, unless otherwise stated, are in US dollars.""",0.5885163009166717
" All values, unless otherwise stated, are in US dollars.""",0.7176738937695821
" All values, unless otherwise stated, are in US dollars.""",0.7044901470343272
" All values, unless otherwise stated, are in US dollars.""",0.629780650138855
" All values, unless otherwise stated, are in US dollars.""",0.6920278012752533
" All values, unless otherwise stated, are in US dollars.""",0.6146023531754812
" All values, unless otherwise stated, are in US dollars.""",0.8061376134554545
" All values, unless otherwise stated, are in US dollars.""",0.7642291327317555
" All values, unless otherwise stated, are in US dollars.""",0.689055327574412
" All values, unless otherwise stated, are in US dollars.""",0.5309974471728007
" All values, unless otherwise stated, are in US dollars.""",0.6501457909742991
" All values, unless otherwise stated, are in US dollars.""",0.6060712277889252
" All values, unless otherwise stated, are in US dollars.""",0.6163778742154439
" All values, unless otherwise stated, are in US dollars.""",0.6126469035943349
" All values, unless otherwise stated, are in US dollars.""",0.5509925425052643
" All values, unless otherwise stated, are in US dollars.""",0.6309141238530477
" All values, unless otherwise stated, are in US dollars.""",0.713172870874405
" All values, unless otherwise stated, are in US dollars.""",0.5683238267898559
" All values, unless otherwise stated, are in US dollars.""",0.6496290763219198
" All values, unless otherwise stated, are in US dollars.""",0.5994774162769317
" All values, unless otherwise stated, are in US dollars.""",0.5279459993044535
" All values, unless otherwise stated, are in US dollars.""",0.6846407353878021
" All values, unless otherwise stated, are in US dollars.""",0.6678198456764222
" All values, unless otherwise stated, are in US dollars.""",0.6364795545736949
" All values, unless otherwise stated, are in US dollars.""",0.6113173425197601
" All values, unless otherwise stated, are in US dollars.""",0.6999164680639903
" All values, unless otherwise stated, are in US dollars.""",0.6296267867088318
" All values, unless otherwise stated, are in US dollars.""",0.6662313044071198
" All values, unless otherwise stated, are in US dollars.""",0.7027441561222076
" All values, unless otherwise stated, are in US dollars.""",0.833330496152242
" All values, unless otherwise stated, are in US dollars.""",0.7539345641930898
" All values, unless otherwise stated, are in US dollars.""",0.6113463620344798
" All values, unless otherwise stated, are in US dollars.""",0.5718725283940633
" All values, unless otherwise stated, are in US dollars.""",0.6420381168524424
" All values, unless otherwise stated, are in US dollars.""",0.739464956521988
" All values, unless otherwise stated, are in US dollars.""",0.6101008494695027
" All values, unless otherwise stated, are in US dollars.""",0.5999340911706289
" All values, unless otherwise stated, are in US dollars.""",0.6077845295270284
" All values, unless otherwise stated, are in US dollars.""",0.6422478536764781
" All values, unless otherwise stated, are in US dollars.""",0.6817219197750092
" All values, unless otherwise stated, are in US dollars.""",0.6101101140181223
" All values, unless otherwise stated, are in US dollars.""",0.5698665757973989
" All values, unless otherwise stated, are in US dollars.""",0.7086273650328319
" All values, unless otherwise stated, are in US dollars.""",0.6701098620891571
" All values, unless otherwise stated, are in US dollars.""",0.5156159102916718
" All values, unless otherwise stated, are in US dollars.""",0.5873623589674631
" All values, unless otherwise stated, are in US dollars.""",0.7163700183232625
" All values, unless otherwise stated, are in US dollars.""",0.6034738659858704
" All values, unless otherwise stated, are in US dollars.""",0.7293615440527598
" All values, unless otherwise stated, are in US dollars.""",0.7757199426492055
" All values, unless otherwise stated, are in US dollars.""",0.6040501157442729
" All values, unless otherwise stated, are in US dollars.""",0.7088303486506145
" All values, unless otherwise stated, are in US dollars.""",0.6913400729497273
" All values, unless otherwise stated, are in US dollars.""",0.5896397471427918
" All values, unless otherwise stated, are in US dollars.""",0.6444138864676158
" All values, unless otherwise stated, are in US dollars.""",0.6189574460188548
" All values, unless otherwise stated, are in US dollars.""",0.6170115351676941
" All values, unless otherwise stated, are in US dollars.""",0.5837518811225891
" All values, unless otherwise stated, are in US dollars.""",0.5877177039782207
" All values, unless otherwise stated, are in US dollars.""",0.5675015469392141
" All values, unless otherwise stated, are in US dollars.""",0.6803399701913198
" All values, unless otherwise stated, are in US dollars.""",0.6939500908056895
" All values, unless otherwise stated, are in US dollars.""",0.5953878800074259
" All values, unless otherwise stated, are in US dollars.""",0.5875986198584239
" All values, unless otherwise stated, are in US dollars.""",0.5956009904543559
" All values, unless otherwise stated, are in US dollars.""",0.5869834582010905
" All values, unless otherwise stated, are in US dollars.""",0.7465204377969106
" All values, unless otherwise stated, are in US dollars.""",0.5995022833347321
" All values, unless otherwise stated, are in US dollars.""",0.5879651347796122
" All values, unless otherwise stated, are in US dollars.""",0.5843694031238555
" All values, unless otherwise stated, are in US dollars.""",0.6558325290679932
" All values, unless otherwise stated, are in US dollars.""",0.7035545547803242
" All values, unless otherwise stated, are in US dollars.""",0.6356345772743225
" All values, unless otherwise stated, are in US dollars.""",0.7499036729335785
" All values, unless otherwise stated, are in US dollars.""",0.6878802796204885
" All values, unless otherwise stated, are in US dollars.""",0.5692177832126617
" All values, unless otherwise stated, are in US dollars.""",0.5738332768281301
" All values, unless otherwise stated, are in US dollars.""",0.6381730159123739
" All values, unless otherwise stated, are in US dollars.""",0.5747344175974528
" All values, unless otherwise stated, are in US dollars.""",0.7722375313440959
" All values, unless otherwise stated, are in US dollars.""",0.6252751648426056
" All values, unless otherwise stated, are in US dollars.""",0.554675821463267
" All values, unless otherwise stated, are in US dollars.""",0.6163154045740763
" All values, unless otherwise stated, are in US dollars.""",0.5833878854910532
" All values, unless otherwise stated, are in US dollars.""",0.559194827079773
" All values, unless otherwise stated, are in US dollars.""",0.5608482937018077
" All values, unless otherwise stated, are in US dollars.""",0.5401395122210185
" All values, unless otherwise stated, are in US dollars.""",0.5992581844329834
" All values, unless otherwise stated, are in US dollars.""",0.5017158687114716
" All values, unless otherwise stated, are in US dollars.""",0.5942972163359325
" All values, unless otherwise stated, are in US dollars.""",0.5829700569311778
" All values, unless otherwise stated, are in US dollars.""",0.6274424811204274
" All values, unless otherwise stated, are in US dollars.""",0.6762184878190358
" All values, unless otherwise stated, are in US dollars.""",0.6121738533178965
" All values, unless otherwise stated, are in US dollars.""",0.5684531410535176
" All values, unless otherwise stated, are in US dollars.""",0.6831301967302958
" All values, unless otherwise stated, are in US dollars.""",0.591471787293752
" All values, unless otherwise stated, are in US dollars.""",0.6341824948787689
" All values, unless otherwise stated, are in US dollars.""",0.7462212045987447
" All values, unless otherwise stated, are in US dollars.""",0.7319430887699128
" All values, unless otherwise stated, are in US dollars.""",0.6848392109076182
" All values, unless otherwise stated, are in US dollars.""",0.6101317624251048
" All values, unless otherwise stated, are in US dollars.""",0.5777717570463816
" All values, unless otherwise stated, are in US dollars.""",0.6444394946098327
" All values, unless otherwise stated, are in US dollars.""",0.626867534716924
" All values, unless otherwise stated, are in US dollars.""",0.6631800055503845
" All values, unless otherwise stated, are in US dollars.""",0.7475056290626526
" All values, unless otherwise stated, are in US dollars.""",0.6595866024494171
" All values, unless otherwise stated, are in US dollars.""",0.6672748843828837
" All values, unless otherwise stated, are in US dollars.""",0.6913485546906789
" All values, unless otherwise stated, are in US dollars.""",0.6469852228959402
" All values, unless otherwise stated, are in US dollars.""",0.6200276950995127
" All values, unless otherwise stated, are in US dollars.""",0.616206705570221
" All values, unless otherwise stated, are in US dollars.""",0.594879937171936
" All values, unless otherwise stated, are in US dollars.""",0.5898663361867269
" All values, unless otherwise stated, are in US dollars.""",0.6790240546067555
" All values, unless otherwise stated, are in US dollars.""",0.6650121291478475
" All values, unless otherwise stated, are in US dollars.""",0.7584631204605102
" All values, unless otherwise stated, are in US dollars.""",0.6331798712412516
" All values, unless otherwise stated, are in US dollars.""",0.6360710978507995
" All values, unless otherwise stated, are in US dollars.""",0.6391711513201396
" All values, unless otherwise stated, are in US dollars.""",0.6037011961142222
" All values, unless otherwise stated, are in US dollars.""",0.670173172156016
" All values, unless otherwise stated, are in US dollars.""",0.6860606491565704
" All values, unless otherwise stated, are in US dollars.""",0.5949026107788086
" All values, unless otherwise stated, are in US dollars.""",0.7737446407477061
" All values, unless otherwise stated, are in US dollars.""",0.617819627126058
" All values, unless otherwise stated, are in US dollars.""",0.5997317731380463
" All values, unless otherwise stated, are in US dollars.""",0.7781035820643107
" All values, unless otherwise stated, are in US dollars.""",0.676102997859319
" All values, unless otherwise stated, are in US dollars.""",0.7037464718023936
" All values, unless otherwise stated, are in US dollars.""",0.6530094106992086
" All values, unless otherwise stated, are in US dollars.""",0.6949787914752961
" All values, unless otherwise stated, are in US dollars.""",0.5249228656291962
" All values, unless otherwise stated, are in US dollars.""",0.6112007975578309
" All values, unless otherwise stated, are in US dollars.""",0.6076540688673655
" All values, unless otherwise stated, are in US dollars.""",0.6065666059652964
" All values, unless otherwise stated, are in US dollars.""",0.6261428912480672
" All values, unless otherwise stated, are in US dollars.""",0.6343490401903789
" All values, unless otherwise stated, are in US dollars.""",0.587223881483078
" All values, unless otherwise stated, are in US dollars.""",0.5674253165721893
" All values, unless otherwise stated, are in US dollars.""",0.6250028888384501
" All values, unless otherwise stated, are in US dollars.""",0.6368310729662577
" All values, unless otherwise stated, are in US dollars.""",0.5990136543909709
" All values, unless otherwise stated, are in US dollars.""",0.5991104265054067
" All values, unless otherwise stated, are in US dollars.""",0.5592824657758076
" All values, unless otherwise stated, are in US dollars.""",0.5941807885964712
" All values, unless otherwise stated, are in US dollars.""",0.633137333393097
" All values, unless otherwise stated, are in US dollars.""",0.5668542166550954
" All values, unless otherwise stated, are in US dollars.""",0.618927264213562
" All values, unless otherwise stated, are in US dollars.""",0.6411252081394195
" All values, unless otherwise stated, are in US dollars.""",0.6545226136843364
" All values, unless otherwise stated, are in US dollars.""",0.6515479604403178
" All values, unless otherwise stated, are in US dollars.""",0.6303279598553976
" All values, unless otherwise stated, are in US dollars.""",0.5962228834629059
" All values, unless otherwise stated, are in US dollars.""",0.6382167895634969
" All values, unless otherwise stated, are in US dollars.""",0.5557239095369975
" All values, unless otherwise stated, are in US dollars.""",0.5606880843639374
" All values, unless otherwise stated, are in US dollars.""",0.6549814760684967
" All values, unless otherwise stated, are in US dollars.""",0.5808201054732005
" All values, unless otherwise stated, are in US dollars.""",0.6402433514595032
" All values, unless otherwise stated, are in US dollars.""",0.51607559521993
" All values, unless otherwise stated, are in US dollars.""",0.580734658241272
" All values, unless otherwise stated, are in US dollars.""",0.5592027842998505
" All values, unless otherwise stated, are in US dollars.""",0.588179761171341
" All values, unless otherwise stated, are in US dollars.""",0.6137228469053905
" All values, unless otherwise stated, are in US dollars.""",0.6083308815956116
" All values, unless otherwise stated, are in US dollars.""",0.6768873651822408
" All values, unless otherwise stated, are in US dollars.""",0.580772997935613
" All values, unless otherwise stated, are in US dollars.""",0.5816941062609354
" All values, unless otherwise stated, are in US dollars.""",0.6009094595909119
" All values, unless otherwise stated, are in US dollars.""",0.6660909175872802
" All values, unless otherwise stated, are in US dollars.""",0.701675420999527
" All values, unless otherwise stated, are in US dollars.""",0.6078344325224558
" All values, unless otherwise stated, are in US dollars.""",0.5586333314577738
" All values, unless otherwise stated, are in US dollars.""",0.6605623106161753
" All values, unless otherwise stated, are in US dollars.""",0.6689841747283936
" All values, unless otherwise stated, are in US dollars.""",0.6077793717384339
" All values, unless otherwise stated, are in US dollars.""",0.6486561338106791
" All values, unless otherwise stated, are in US dollars.""",0.6832532048225403
" All values, unless otherwise stated, are in US dollars.""",0.6226203362147014
" All values, unless otherwise stated, are in US dollars.""",0.6081177910168966
" All values, unless otherwise stated, are in US dollars.""",0.6102547466754913
" All values, unless otherwise stated, are in US dollars.""",0.6696986277898153
" All values, unless otherwise stated, are in US dollars.""",0.6798628250757853
" All values, unless otherwise stated, are in US dollars.""",0.6399593909581502
" All values, unless otherwise stated, are in US dollars.""",0.541060882806778
" All values, unless otherwise stated, are in US dollars.""",0.6565376480420431
" All values, unless otherwise stated, are in US dollars.""",0.6080923557281495
" All values, unless otherwise stated, are in US dollars.""",0.6819834431012471
" All values, unless otherwise stated, are in US dollars.""",0.6333129902680715
" All values, unless otherwise stated, are in US dollars.""",0.64645307858785
" All values, unless otherwise stated, are in US dollars.""",0.6025355736414592
" All values, unless otherwise stated, are in US dollars.""",0.6015522360801697
" All values, unless otherwise stated, are in US dollars.""",0.6225112438201904
" All values, unless otherwise stated, are in US dollars.""",0.7235387047131856
" All values, unless otherwise stated, are in US dollars.""",0.6080835402011872
" All values, unless otherwise stated, are in US dollars.""",0.6061742464701335
" All values, unless otherwise stated, are in US dollars.""",0.6283982038497925
" All values, unless otherwise stated, are in US dollars.""",0.572594924767812
" All values, unless otherwise stated, are in US dollars.""",0.6029781401157379
" All values, unless otherwise stated, are in US dollars.""",0.6486849705378215
" All values, unless otherwise stated, are in US dollars.""",0.6176261961460113
" All values, unless otherwise stated, are in US dollars.""",0.6071420888106028
" All values, unless otherwise stated, are in US dollars.""",0.6471123854319255
" All values, unless otherwise stated, are in US dollars.""",0.6147941132386525
" All values, unless otherwise stated, are in US dollars.""",0.67399582862854
" All values, unless otherwise stated, are in US dollars.""",0.5383511304855346
" All values, unless otherwise stated, are in US dollars.""",0.5429473161697388
" All values, unless otherwise stated, are in US dollars.""",0.5832560698191325
" All values, unless otherwise stated, are in US dollars.""",0.6198763608932495
" All values, unless otherwise stated, are in US dollars.""",0.6541192829608917
" All values, unless otherwise stated, are in US dollars.""",0.6683853983879089
" All values, unless otherwise stated, are in US dollars.""",0.5859891295433044
" All values, unless otherwise stated, are in US dollars.""",0.5957657019297282
" All values, unless otherwise stated, are in US dollars.""",0.5654220541318258
" All values, unless otherwise stated, are in US dollars.""",0.6922853112220764
" All values, unless otherwise stated, are in US dollars.""",0.5566652516523997
" All values, unless otherwise stated, are in US dollars.""",0.5554962853590647
" All values, unless otherwise stated, are in US dollars.""",0.6084401706854502
" All values, unless otherwise stated, are in US dollars.""",0.5955858627955118
" All values, unless otherwise stated, are in US dollars.""",0.6308381696542104
" All values, unless otherwise stated, are in US dollars.""",0.6026405553023021
" All values, unless otherwise stated, are in US dollars.""",0.611208709081014
" All values, unless otherwise stated, are in US dollars.""",0.6059887210528055
" All values, unless otherwise stated, are in US dollars.""",0.5308722337086995
" All values, unless otherwise stated, are in US dollars.""",0.5360206524531047
" All values, unless otherwise stated, are in US dollars.""",0.5622082988421122
" All values, unless otherwise stated, are in US dollars.""",0.7004396359125773
" All values, unless otherwise stated, are in US dollars.""",0.6761674682299296
" All values, unless otherwise stated, are in US dollars.""",0.6139061212539673
" All values, unless otherwise stated, are in US dollars.""",0.677289871374766
" All values, unless otherwise stated, are in US dollars.""",0.6276827454566956
" All values, unless otherwise stated, are in US dollars.""",0.6526538709799449
" All values, unless otherwise stated, are in US dollars.""",0.6448722143967947
" All values, unless otherwise stated, are in US dollars.""",0.6483542323112488
" All values, unless otherwise stated, are in US dollars.""",0.609224412838618
" All values, unless otherwise stated, are in US dollars.""",0.5190028508504232
" All values, unless otherwise stated, are in US dollars.""",0.5866129457950592
" All values, unless otherwise stated, are in US dollars.""",0.6272772153218588
" All values, unless otherwise stated, are in US dollars.""",0.5744938433170319
" All values, unless otherwise stated, are in US dollars.""",0.6922338644663493
" All values, unless otherwise stated, are in US dollars.""",0.6315574169158935
" All values, unless otherwise stated, are in US dollars.""",0.5715946435928345
" All values, unless otherwise stated, are in US dollars.""",0.5508019288380941
" All values, unless otherwise stated, are in US dollars.""",0.6649591108163198
" All values, unless otherwise stated, are in US dollars.""",0.6185495376586914
" All values, unless otherwise stated, are in US dollars.""",0.669523956378301
" All values, unless otherwise stated, are in US dollars.""",0.6334484636783599
" All values, unless otherwise stated, are in US dollars.""",0.6391408900419872
" All values, unless otherwise stated, are in US dollars.""",0.5574232935905457
" All values, unless otherwise stated, are in US dollars.""",0.739310348033905
" All values, unless otherwise stated, are in US dollars.""",0.5897509435812632
" All values, unless otherwise stated, are in US dollars.""",0.6355157156785329
" All values, unless otherwise stated, are in US dollars.""",0.6019508361816406
" All values, unless otherwise stated, are in US dollars.""",0.5837132414182027
" All values, unless otherwise stated, are in US dollars.""",0.5698877394199371
" All values, unless otherwise stated, are in US dollars.""",0.6058577020963033
" All values, unless otherwise stated, are in US dollars.""",0.6814043720563253
" All values, unless otherwise stated, are in US dollars.""",0.5953777889410655
" All values, unless otherwise stated, are in US dollars.""",0.5888649761676789
" All values, unless otherwise stated, are in US dollars.""",0.5824758311112722
" All values, unless otherwise stated, are in US dollars.""",0.5499497572580974
" All values, unless otherwise stated, are in US dollars.""",0.6201601028442383
" All values, unless otherwise stated, are in US dollars.""",0.5979920506477356
" All values, unless otherwise stated, are in US dollars.""",0.570066346724828
" All values, unless otherwise stated, are in US dollars.""",0.569670683145523
" All values, unless otherwise stated, are in US dollars.""",0.6306749602158864
" All values, unless otherwise stated, are in US dollars.""",0.6139276107152303
" All values, unless otherwise stated, are in US dollars.""",0.5776761094729106
" All values, unless otherwise stated, are in US dollars.""",0.7739667375882466
" All values, unless otherwise stated, are in US dollars.""",0.5897711733977
" All values, unless otherwise stated, are in US dollars.""",0.5800868054231008
" All values, unless otherwise stated, are in US dollars.""",0.6202057301998138
" All values, unless otherwise stated, are in US dollars.""",0.6204835911591847
" All values, unless otherwise stated, are in US dollars.""",0.6027141352494557
" All values, unless otherwise stated, are in US dollars.""",0.6187320351600647
" All values, unless otherwise stated, are in US dollars.""",0.5842293639977773
" All values, unless otherwise stated, are in US dollars.""",0.5765184223651886
" All values, unless otherwise stated, are in US dollars.""",0.6098994632562001
" All values, unless otherwise stated, are in US dollars.""",0.5562638560930888
" All values, unless otherwise stated, are in US dollars.""",0.5390908598899842
" All values, unless otherwise stated, are in US dollars.""",0.5725952049096426
" All values, unless otherwise stated, are in US dollars.""",0.6274661044279735
" All values, unless otherwise stated, are in US dollars.""",0.6009054581324259
" All values, unless otherwise stated, are in US dollars.""",0.5541219353675843
" All values, unless otherwise stated, are in US dollars.""",0.576163383324941
" All values, unless otherwise stated, are in US dollars.""",0.6440608282883962
" All values, unless otherwise stated, are in US dollars.""",0.5883367717266083
" All values, unless otherwise stated, are in US dollars.""",0.6546702404816945
" All values, unless otherwise stated, are in US dollars.""",0.6437805692354838
" All values, unless otherwise stated, are in US dollars.""",0.5402704616387685
" All values, unless otherwise stated, are in US dollars.""",0.6036298016707102
" All values, unless otherwise stated, are in US dollars.""",0.5264239450295766
" All values, unless otherwise stated, are in US dollars.""",0.6425126095612844
" All values, unless otherwise stated, are in US dollars.""",0.7011735181013743
" All values, unless otherwise stated, are in US dollars.""",0.6338916957378388
" All values, unless otherwise stated, are in US dollars.""",0.6655192693074544
" All values, unless otherwise stated, are in US dollars.""",0.6025158027807872
" All values, unless otherwise stated, are in US dollars.""",0.6266302784283956
" All values, unless otherwise stated, are in US dollars.""",0.6776736716429392
" All values, unless otherwise stated, are in US dollars.""",0.610382620493571
" All values, unless otherwise stated, are in US dollars.""",0.6726993521054586
" All values, unless otherwise stated, are in US dollars.""",0.6484644552071889
" All values, unless otherwise stated, are in US dollars.""",0.5583501060803732
" All values, unless otherwise stated, are in US dollars.""",0.5589647253354391
" All values, unless otherwise stated, are in US dollars.""",0.5766128480434418
" All values, unless otherwise stated, are in US dollars.""",0.5492251555124918
" All values, unless otherwise stated, are in US dollars.""",0.6201427002747854
" All values, unless otherwise stated, are in US dollars.""",0.6683587829271952
" All values, unless otherwise stated, are in US dollars.""",0.5839502414067587
" All values, unless otherwise stated, are in US dollars.""",0.5661553005377452
" All values, unless otherwise stated, are in US dollars.""",0.5568629483381907
" All values, unless otherwise stated, are in US dollars.""",0.6293171068032583
" All values, unless otherwise stated, are in US dollars.""",0.6319892923037211
" All values, unless otherwise stated, are in US dollars.""",0.5739363352457683
" All values, unless otherwise stated, are in US dollars.""",0.5687090078989665
" All values, unless otherwise stated, are in US dollars.""",0.5412946283817291
" All values, unless otherwise stated, are in US dollars.""",0.6143813570340474
" All values, unless otherwise stated, are in US dollars.""",0.6102315843105316
" All values, unless otherwise stated, are in US dollars.""",0.6041348020235697
" All values, unless otherwise stated, are in US dollars.""",0.6472799360752106
" All values, unless otherwise stated, are in US dollars.""",0.5317449351151784
" All values, unless otherwise stated, are in US dollars.""",0.5804053386052449
" All values, unless otherwise stated, are in US dollars.""",0.6075035889943441
" All values, unless otherwise stated, are in US dollars.""",0.6332707246144612
" All values, unless otherwise stated, are in US dollars.""",0.5613625069459279
" All values, unless otherwise stated, are in US dollars.""",0.6687330643335978
" All values, unless otherwise stated, are in US dollars.""",0.7510486642519633
" All values, unless otherwise stated, are in US dollars.""",0.5762987772623698
" All values, unless otherwise stated, are in US dollars.""",0.5832178036371867
" All values, unless otherwise stated, are in US dollars.""",0.6151242256164551
" All values, unless otherwise stated, are in US dollars.""",0.634257572889328
" All values, unless otherwise stated, are in US dollars.""",0.5761445502440135
" All values, unless otherwise stated, are in US dollars.""",0.5982381443182627
" All values, unless otherwise stated, are in US dollars.""",0.5638926307360331
" All values, unless otherwise stated, are in US dollars.""",0.6117176473140716
" All values, unless otherwise stated, are in US dollars.""",0.6421536386013031
" All values, unless otherwise stated, are in US dollars.""",0.6322784006595612
" All values, unless otherwise stated, are in US dollars.""",0.5391845782597859
" All values, unless otherwise stated, are in US dollars.""",0.5874048868815104
" All values, unless otherwise stated, are in US dollars.""",0.7075469533602396
" All values, unless otherwise stated, are in US dollars.""",0.6089002827803294
" All values, unless otherwise stated, are in US dollars.""",0.5898241639137268
" All values, unless otherwise stated, are in US dollars.""",0.7759115676085154
" All values, unless otherwise stated, are in US dollars.""",0.5557482282320658
" All values, unless otherwise stated, are in US dollars.""",0.596916913986206
" All values, unless otherwise stated, are in US dollars.""",0.5972541073958079
" All values, unless otherwise stated, are in US dollars.""",0.6089186211427052
" All values, unless otherwise stated, are in US dollars.""",0.5599814196427663
" All values, unless otherwise stated, are in US dollars.""",0.5536593616008758
" All values, unless otherwise stated, are in US dollars.""",0.5430846214294434
" All values, unless otherwise stated, are in US dollars.""",0.5801376064618429
" All values, unless otherwise stated, are in US dollars.""",0.5628098984559377
" All values, unless otherwise stated, are in US dollars.""",0.5897673885027568
" All values, unless otherwise stated, are in US dollars.""",0.6609924654165904
" All values, unless otherwise stated, are in US dollars.""",0.622011923789978
" All values, unless otherwise stated, are in US dollars.""",0.6729037682215373
" All values, unless otherwise stated, are in US dollars.""",0.6537663161754608
" All values, unless otherwise stated, are in US dollars.""",0.5985626796881358
" All values, unless otherwise stated, are in US dollars.""",0.5687102893988292
" All values, unless otherwise stated, are in US dollars.""",0.6234193464120229
" All values, unless otherwise stated, are in US dollars.""",0.6248433073361714
" All values, unless otherwise stated, are in US dollars.""",0.614082415898641
" All values, unless otherwise stated, are in US dollars.""",0.5889703591664632
" All values, unless otherwise stated, are in US dollars.""",0.575368712345759
" All values, unless otherwise stated, are in US dollars.""",0.6162715911865234
" All values, unless otherwise stated, are in US dollars.""",0.5779841601848602
" All values, unless otherwise stated, are in US dollars.""",0.5502524673938751
" All values, unless otherwise stated, are in US dollars.""",0.6285420099894206
" All values, unless otherwise stated, are in US dollars.""",0.5906703650951386
" All values, unless otherwise stated, are in US dollars.""",0.6019737462202708
" All values, unless otherwise stated, are in US dollars.""",0.5951082448164622
" All values, unless otherwise stated, are in US dollars.""",0.6614271243413289
" All values, unless otherwise stated, are in US dollars.""",0.5364624639352162
" All values, unless otherwise stated, are in US dollars.""",0.6620784143606822
" All values, unless otherwise stated, are in US dollars.""",0.6946938574314118
" All values, unless otherwise stated, are in US dollars.""",0.6152334709962209
" All values, unless otherwise stated, are in US dollars.""",0.5494375805060069
" All values, unless otherwise stated, are in US dollars.""",0.6327217559019724
" All values, unless otherwise stated, are in US dollars.""",0.5492946545283
" All values, unless otherwise stated, are in US dollars.""",0.6566669126351674
" All values, unless otherwise stated, are in US dollars.""",0.5527736485004425
" All values, unless otherwise stated, are in US dollars.""",0.5660110294818879
" All values, unless otherwise stated, are in US dollars.""",0.5852965335051219
" All values, unless otherwise stated, are in US dollars.""",0.5595839401086171
" All values, unless otherwise stated, are in US dollars.""",0.6133443017800649
" All values, unless otherwise stated, are in US dollars.""",0.5880594591299693
" All values, unless otherwise stated, are in US dollars.""",0.5816497961680095
" All values, unless otherwise stated, are in US dollars.""",0.5257368584473928
" All values, unless otherwise stated, are in US dollars.""",0.529029639561971
" All values, unless otherwise stated, are in US dollars.""",0.5912614266077677
" All values, unless otherwise stated, are in US dollars.""",0.5877722859382629
" All values, unless otherwise stated, are in US dollars.""",0.5076378385225931
" All values, unless otherwise stated, are in US dollars.""",0.5310495078563691
" All values, unless otherwise stated, are in US dollars.""",0.6418658037980397
" All values, unless otherwise stated, are in US dollars.""",0.7124331871668498
" All values, unless otherwise stated, are in US dollars.""",0.5782295008500417
" All values, unless otherwise stated, are in US dollars.""",0.5563539663950602
" All values, unless otherwise stated, are in US dollars.""",0.6649238844712575
" All values, unless otherwise stated, are in US dollars.""",0.5769963562488556
" All values, unless otherwise stated, are in US dollars.""",0.5979657332102458
" All values, unless otherwise stated, are in US dollars.""",0.5759317815303803
" All values, unless otherwise stated, are in US dollars.""",0.6237710078557333
" All values, unless otherwise stated, are in US dollars.""",0.5860236088434855
" All values, unless otherwise stated, are in US dollars.""",0.5584262510140737
" All values, unless otherwise stated, are in US dollars.""",0.5836776475111644
" All values, unless otherwise stated, are in US dollars.""",0.6488786776860554
" All values, unless otherwise stated, are in US dollars.""",0.5838764488697052
" All values, unless otherwise stated, are in US dollars.""",0.5421259601910909
" All values, unless otherwise stated, are in US dollars.""",0.5627979119618733
" All values, unless otherwise stated, are in US dollars.""",0.5470817267894745
" All values, unless otherwise stated, are in US dollars.""",0.6289496978123983
" All values, unless otherwise stated, are in US dollars.""",0.6141003807385762
" All values, unless otherwise stated, are in US dollars.""",0.6115965326627095
" All values, unless otherwise stated, are in US dollars.""",0.5529595116774241
" All values, unless otherwise stated, are in US dollars.""",0.6655298391977946
" All values, unless otherwise stated, are in US dollars.""",0.6196845849355062
" All values, unless otherwise stated, are in US dollars.""",0.6414191722869873
" All values, unless otherwise stated, are in US dollars.""",0.5978612065315246
" All values, unless otherwise stated, are in US dollars.""",0.563119254509608
" All values, unless otherwise stated, are in US dollars.""",0.5695876359939576
" All values, unless otherwise stated, are in US dollars.""",0.5226266145706177
" All values, unless otherwise stated, are in US dollars.""",0.5837729612986247
" All values, unless otherwise stated, are in US dollars.""",0.5756161789099375
" All values, unless otherwise stated, are in US dollars.""",0.5869219919045766
" All values, unless otherwise stated, are in US dollars.""",0.6091622153917948
" All values, unless otherwise stated, are in US dollars.""",0.5705493748188019
" All values, unless otherwise stated, are in US dollars.""",0.5960659464200337
" All values, unless otherwise stated, are in US dollars.""",0.6334544817606608
" All values, unless otherwise stated, are in US dollars.""",0.683791979153951
" All values, unless otherwise stated, are in US dollars.""",0.6431997994581858
" All values, unless otherwise stated, are in US dollars.""",0.569422431786855
" All values, unless otherwise stated, are in US dollars.""",0.5866604526837667
" All values, unless otherwise stated, are in US dollars.""",0.6636635919411977
" All values, unless otherwise stated, are in US dollars.""",0.5770556211471558
" All values, unless otherwise stated, are in US dollars.""",0.60037455757459
" All values, unless otherwise stated, are in US dollars.""",0.6428315679232279
" All values, unless otherwise stated, are in US dollars.""",0.5947101771831512
" All values, unless otherwise stated, are in US dollars.""",0.600142906109492
" All values, unless otherwise stated, are in US dollars.""",0.6898700853188833
" All values, unless otherwise stated, are in US dollars.""",0.5367101927598318
" All values, unless otherwise stated, are in US dollars.""",0.6522218445936839
" All values, unless otherwise stated, are in US dollars.""",0.5976186056931814
" All values, unless otherwise stated, are in US dollars.""",0.5520742932955424
" All values, unless otherwise stated, are in US dollars.""",0.5609245260556539
" All values, unless otherwise stated, are in US dollars.""",0.7539688269297282
" All values, unless otherwise stated, are in US dollars.""",0.6507803102334341
" All values, unless otherwise stated, are in US dollars.""",0.5520868917306264
" All values, unless otherwise stated, are in US dollars.""",0.5009333908557891
" All values, unless otherwise stated, are in US dollars.""",0.6021662831306458
" All values, unless otherwise stated, are in US dollars.""",0.5432429114977518
" All values, unless otherwise stated, are in US dollars.""",0.6404609103997548
" All values, unless otherwise stated, are in US dollars.""",0.5712891141573588
" All values, unless otherwise stated, are in US dollars.""",0.5753479282061259
" All values, unless otherwise stated, are in US dollars.""",0.6094467520713807
" All values, unless otherwise stated, are in US dollars.""",0.6376197218894959
" All values, unless otherwise stated, are in US dollars.""",0.6474344591299693
" All values, unless otherwise stated, are in US dollars.""",0.5869930187861124
" All values, unless otherwise stated, are in US dollars.""",0.5590684672196706
" All values, unless otherwise stated, are in US dollars.""",0.6447169601917266
" All values, unless otherwise stated, are in US dollars.""",0.5630471309026083
" All values, unless otherwise stated, are in US dollars.""",0.5175518850485484
" All values, unless otherwise stated, are in US dollars.""",0.5535343587398529
" All values, unless otherwise stated, are in US dollars.""",0.5406630317370097
" All values, unless otherwise stated, are in US dollars.""",0.5360184013843536
" All values, unless otherwise stated, are in US dollars.""",0.5610166251659393
" All values, unless otherwise stated, are in US dollars.""",0.566795156399409
" All values, unless otherwise stated, are in US dollars.""",0.5562947730223338
" All values, unless otherwise stated, are in US dollars.""",0.5666184981664022
" All values, unless otherwise stated, are in US dollars.""",0.6410029113292695
" All values, unless otherwise stated, are in US dollars.""",0.5924363076686859
" All values, unless otherwise stated, are in US dollars.""",0.6005423883597056
" All values, unless otherwise stated, are in US dollars.""",0.5175591309865316
" All values, unless otherwise stated, are in US dollars.""",0.6299368818600972
" All values, unless otherwise stated, are in US dollars.""",0.5176664153734843
" All values, unless otherwise stated, are in US dollars.""",0.562738957007726
" All values, unless otherwise stated, are in US dollars.""",0.5779300471146901
" All values, unless otherwise stated, are in US dollars.""",0.49984588424364723
" All values, unless otherwise stated, are in US dollars.""",0.6531719783941905
" All values, unless otherwise stated, are in US dollars.""",0.5989066243171692
" All values, unless otherwise stated, are in US dollars.""",0.6053832530975342
" All values, unless otherwise stated, are in US dollars.""",0.5361256182193757
" All values, unless otherwise stated, are in US dollars.""",0.5776277979214987
" All values, unless otherwise stated, are in US dollars.""",0.6383170684178671
" All values, unless otherwise stated, are in US dollars.""",0.6133208453655243
" All values, unless otherwise stated, are in US dollars.""",0.5929422974586487
" All values, unless otherwise stated, are in US dollars.""",0.5763532618681589
" All values, unless otherwise stated, are in US dollars.""",0.5502982358137767
" All values, unless otherwise stated, are in US dollars.""",0.5932850400606792
" All values, unless otherwise stated, are in US dollars.""",0.6851707677046458
" All values, unless otherwise stated, are in US dollars.""",0.5678010225296021
" All values, unless otherwise stated, are in US dollars.""",0.595960811773936
" All values, unless otherwise stated, are in US dollars.""",0.5820597966512044
" All values, unless otherwise stated, are in US dollars.""",0.5690746287504832
" All values, unless otherwise stated, are in US dollars.""",0.7051727811495463
" All values, unless otherwise stated, are in US dollars.""",0.553649898370107
" All values, unless otherwise stated, are in US dollars.""",0.5719861050446828
" All values, unless otherwise stated, are in US dollars.""",0.5778193215529124
" All values, unless otherwise stated, are in US dollars.""",0.5152276754379272
" All values, unless otherwise stated, are in US dollars.""",0.6314380367596945
" All values, unless otherwise stated, are in US dollars.""",0.5613855401674906
" All values, unless otherwise stated, are in US dollars.""",0.5632996519406637
" All values, unless otherwise stated, are in US dollars.""",0.5187899510065714
" All values, unless otherwise stated, are in US dollars.""",0.556766128540039
" All values, unless otherwise stated, are in US dollars.""",0.6041764736175537
" All values, unless otherwise stated, are in US dollars.""",0.596332969268163
" All values, unless otherwise stated, are in US dollars.""",0.5480516016483307
" All values, unless otherwise stated, are in US dollars.""",0.5524158994356791
" All values, unless otherwise stated, are in US dollars.""",0.5374294281005859
" All values, unless otherwise stated, are in US dollars.""",0.5606356302897135
" All values, unless otherwise stated, are in US dollars.""",0.5556539098421732
" All values, unless otherwise stated, are in US dollars.""",0.5648543258508046
" All values, unless otherwise stated, are in US dollars.""",0.6017147342363993
" All values, unless otherwise stated, are in US dollars.""",0.5375394841035207
" All values, unless otherwise stated, are in US dollars.""",0.6243214249610901
" All values, unless otherwise stated, are in US dollars.""",0.503610388437907
" All values, unless otherwise stated, are in US dollars.""",0.6247285723686218
" All values, unless otherwise stated, are in US dollars.""",0.582098118464152
" All values, unless otherwise stated, are in US dollars.""",0.5556811988353729
" All values, unless otherwise stated, are in US dollars.""",0.5051643908023834
" All values, unless otherwise stated, are in US dollars.""",0.5648227572441101
" All values, unless otherwise stated, are in US dollars.""",0.6522523144880931
" All values, unless otherwise stated, are in US dollars.""",0.5894253015518188
" All values, unless otherwise stated, are in US dollars.""",0.519117671251297
" All values, unless otherwise stated, are in US dollars.""",0.5615863581498464
" All values, unless otherwise stated, are in US dollars.""",0.6304859042167663
" All values, unless otherwise stated, are in US dollars.""",0.5272477229436239
" All values, unless otherwise stated, are in US dollars.""",0.587879087527593
" All values, unless otherwise stated, are in US dollars.""",0.5472134331862132
" All values, unless otherwise stated, are in US dollars.""",0.5230600992838542
" All values, unless otherwise stated, are in US dollars.""",0.49668723543485005
" All values, unless otherwise stated, are in US dollars.""",0.545526506503423
" All values, unless otherwise stated, are in US dollars.""",0.5547982096672058
" All values, unless otherwise stated, are in US dollars.""",0.543115786711375
" All values, unless otherwise stated, are in US dollars.""",0.5137757956981659
" All values, unless otherwise stated, are in US dollars.""",0.5347583870093028
" All values, unless otherwise stated, are in US dollars.""",0.5478785653909047
" All values, unless otherwise stated, are in US dollars.""",0.5211596727371216
" All values, unless otherwise stated, are in US dollars.""",0.5831324815750122
" All values, unless otherwise stated, are in US dollars.""",0.5996134082476298
" All values, unless otherwise stated, are in US dollars.""",0.5625825782616933
" All values, unless otherwise stated, are in US dollars.""",0.5679373383522034
" All values, unless otherwise stated, are in US dollars.""",0.5656987349192302
" All values, unless otherwise stated, are in US dollars.""",0.5275163968404134
" All values, unless otherwise stated, are in US dollars.""",0.535658198595047
" All values, unless otherwise stated, are in US dollars.""",0.5635206381479899
" All values, unless otherwise stated, are in US dollars.""",0.7077503859996795
" All values, unless otherwise stated, are in US dollars.""",0.6122788468996684
" All values, unless otherwise stated, are in US dollars.""",0.5183453222115835
" All values, unless otherwise stated, are in US dollars.""",0.6201956192652385
" All values, unless otherwise stated, are in US dollars.""",0.5424173931280772
" All values, unless otherwise stated, are in US dollars.""",0.5572714924812316
" All values, unless otherwise stated, are in US dollars.""",0.6138877689838409
" All values, unless otherwise stated, are in US dollars.""",0.5185808598995209
" All values, unless otherwise stated, are in US dollars.""",0.6412974139054616
" All values, unless otherwise stated, are in US dollars.""",0.5670026183128357
" All values, unless otherwise stated, are in US dollars.""",0.5488132814566294
" All values, unless otherwise stated, are in US dollars.""",0.5897153397401174
" All values, unless otherwise stated, are in US dollars.""",0.5390752375125885
" All values, unless otherwise stated, are in US dollars.""",0.6037727614243825
" All values, unless otherwise stated, are in US dollars.""",0.6064406414826711
" All values, unless otherwise stated, are in US dollars.""",0.6069105048974355
" All values, unless otherwise stated, are in US dollars.""",0.5424499015013377
" All values, unless otherwise stated, are in US dollars.""",0.6850426614284515
" All values, unless otherwise stated, are in US dollars.""",0.5367051283518474
" All values, unless otherwise stated, are in US dollars.""",0.559630161523819
" All values, unless otherwise stated, are in US dollars.""",0.5521385868390402
" All values, unless otherwise stated, are in US dollars.""",0.5201478799184164
" All values, unless otherwise stated, are in US dollars.""",0.5691961963971456
" All values, unless otherwise stated, are in US dollars.""",0.6248546779155731
" All values, unless otherwise stated, are in US dollars.""",0.5395553688208262
" All values, unless otherwise stated, are in US dollars.""",0.5983862002690633
" All values, unless otherwise stated, are in US dollars.""",0.5575473606586456
" All values, unless otherwise stated, are in US dollars.""",0.5219208319981893
" All values, unless otherwise stated, are in US dollars.""",0.5109957079092662
" All values, unless otherwise stated, are in US dollars.""",0.5262700994809468
" All values, unless otherwise stated, are in US dollars.""",0.6166456282138825
" All values, unless otherwise stated, are in US dollars.""",0.5303796470165253
" All values, unless otherwise stated, are in US dollars.""",0.5593467632929484
" All values, unless otherwise stated, are in US dollars.""",0.5717609802881877
" All values, unless otherwise stated, are in US dollars.""",0.48264352480570477
" All values, unless otherwise stated, are in US dollars.""",0.5647716263930003
" All values, unless otherwise stated, are in US dollars.""",0.6222469528516134
" All values, unless otherwise stated, are in US dollars.""",0.5348912954330445
" All values, unless otherwise stated, are in US dollars.""",0.5787011206150054
" All values, unless otherwise stated, are in US dollars.""",0.5451999088128408
" All values, unless otherwise stated, are in US dollars.""",0.535747903585434
" All values, unless otherwise stated, are in US dollars.""",0.5906903405984243
" All values, unless otherwise stated, are in US dollars.""",0.5979076941808065
" All values, unless otherwise stated, are in US dollars.""",0.5921719253063202
" All values, unless otherwise stated, are in US dollars.""",0.6552844802538554
" All values, unless otherwise stated, are in US dollars.""",0.6492092669010162
" All values, unless otherwise stated, are in US dollars.""",0.5477959851423899
" All values, unless otherwise stated, are in US dollars.""",0.6131651739279429
" All values, unless otherwise stated, are in US dollars.""",0.5571397066116333
" All values, unless otherwise stated, are in US dollars.""",0.5686383704344432
" All values, unless otherwise stated, are in US dollars.""",0.5801713466644287
" All values, unless otherwise stated, are in US dollars.""",0.5940400163332621
" All values, unless otherwise stated, are in US dollars.""",0.5524197260538737
" All values, unless otherwise stated, are in US dollars.""",0.5890307346979777
" All values, unless otherwise stated, are in US dollars.""",0.5304479440053304
" All values, unless otherwise stated, are in US dollars.""",0.5478976885477702
" All values, unless otherwise stated, are in US dollars.""",0.7184630473454793
" All values, unless otherwise stated, are in US dollars.""",0.5972543259461721
" All values, unless otherwise stated, are in US dollars.""",0.5833539466063181
" All values, unless otherwise stated, are in US dollars.""",0.5840531885623932
" All values, unless otherwise stated, are in US dollars.""",0.5599433024724324
" All values, unless otherwise stated, are in US dollars.""",0.6728648126125336
" All values, unless otherwise stated, are in US dollars.""",0.5387766142686208
" All values, unless otherwise stated, are in US dollars.""",0.5574400742848714
" All values, unless otherwise stated, are in US dollars.""",0.5537602881590525
" All values, unless otherwise stated, are in US dollars.""",0.6229310691356659
" All values, unless otherwise stated, are in US dollars.""",0.6264183759689331
" All values, unless otherwise stated, are in US dollars.""",0.5704474925994873
" All values, unless otherwise stated, are in US dollars.""",0.5636696259180705
" All values, unless otherwise stated, are in US dollars.""",0.5630317449569702
" All values, unless otherwise stated, are in US dollars.""",0.6900861223538717
" All values, unless otherwise stated, are in US dollars.""",0.5299053212006887
" All values, unless otherwise stated, are in US dollars.""",0.6900117496649424
" All values, unless otherwise stated, are in US dollars.""",0.611244159936905
" All values, unless otherwise stated, are in US dollars.""",0.5839770793914795
" All values, unless otherwise stated, are in US dollars.""",0.6426078220208485
" All values, unless otherwise stated, are in US dollars.""",0.5453696211179098
" All values, unless otherwise stated, are in US dollars.""",0.6918482700983684
" All values, unless otherwise stated, are in US dollars.""",0.5904382864634196
" All values, unless otherwise stated, are in US dollars.""",0.6341302176316579
" All values, unless otherwise stated, are in US dollars.""",0.6140980780124664
" All values, unless otherwise stated, are in US dollars.""",0.5751683652400971
" All values, unless otherwise stated, are in US dollars.""",0.553855303923289
" All values, unless otherwise stated, are in US dollars.""",0.5816198249657949
" All values, unless otherwise stated, are in US dollars.""",0.5599290450414022
" All values, unless otherwise stated, are in US dollars.""",0.5739566028118134
" All values, unless otherwise stated, are in US dollars.""",0.5380107482274373
" All values, unless otherwise stated, are in US dollars.""",0.5340993523597717
" All values, unless otherwise stated, are in US dollars.""",0.5478535791238149
" All values, unless otherwise stated, are in US dollars.""",0.576848691701889
" All values, unless otherwise stated, are in US dollars.""",0.5423320233821869
" All values, unless otherwise stated, are in US dollars.""",0.5097905019919078
" All values, unless otherwise stated, are in US dollars.""",0.5512100537618001
" All values, unless otherwise stated, are in US dollars.""",0.6163350979487101
" All values, unless otherwise stated, are in US dollars.""",0.5594350715478261
" All values, unless otherwise stated, are in US dollars.""",0.5097643315792084
" All values, unless otherwise stated, are in US dollars.""",0.4876131276289622
" All values, unless otherwise stated, are in US dollars.""",0.6548532207806905
" All values, unless otherwise stated, are in US dollars.""",0.4881514032681783
" All values, unless otherwise stated, are in US dollars.""",0.5738584438959757
" All values, unless otherwise stated, are in US dollars.""",0.5849355041980744
" All values, unless otherwise stated, are in US dollars.""",0.5924281279246012
" All values, unless otherwise stated, are in US dollars.""",0.5434992055098216
" All values, unless otherwise stated, are in US dollars.""",0.49243897596995034
" All values, unless otherwise stated, are in US dollars.""",0.5738209625085194
" All values, unless otherwise stated, are in US dollars.""",0.5600262105464935
" All values, unless otherwise stated, are in US dollars.""",0.5492987672487895
" All values, unless otherwise stated, are in US dollars.""",0.571454789241155
" All values, unless otherwise stated, are in US dollars.""",0.510400672753652
" All values, unless otherwise stated, are in US dollars.""",0.528723414738973
" All values, unless otherwise stated, are in US dollars.""",0.5118682483832041
" All values, unless otherwise stated, are in US dollars.""",0.5077238321304322
" All values, unless otherwise stated, are in US dollars.""",0.5638522942860921
" All values, unless otherwise stated, are in US dollars.""",0.5001360913117726
" All values, unless otherwise stated, are in US dollars.""",0.5293418804804484
" All values, unless otherwise stated, are in US dollars.""",0.5494423727194468
" All values, unless otherwise stated, are in US dollars.""",0.6434554894765218
" All values, unless otherwise stated, are in US dollars.""",0.49167594909667967
" All values, unless otherwise stated, are in US dollars.""",0.5377808809280396
" All values, unless otherwise stated, are in US dollars.""",0.48598032593727114
" All values, unless otherwise stated, are in US dollars.""",0.5593311131000519
" All values, unless otherwise stated, are in US dollars.""",0.6471869726975759
" All values, unless otherwise stated, are in US dollars.""",0.44696093996365865
" All values, unless otherwise stated, are in US dollars.""",0.4756145656108856
" All values, unless otherwise stated, are in US dollars.""",0.48828455805778503
" All values, unless otherwise stated, are in US dollars.""",0.5250801344712576
" All values, unless otherwise stated, are in US dollars.""",0.5499476929505666
" All values, unless otherwise stated, are in US dollars.""",0.5241410295168559
" All values, unless otherwise stated, are in US dollars.""",0.5318772395451864
" All values, unless otherwise stated, are in US dollars.""",0.5517230053742727
" All values, unless otherwise stated, are in US dollars.""",0.5351785480976105
" All values, unless otherwise stated, are in US dollars.""",0.5690191288789114
" All values, unless otherwise stated, are in US dollars.""",0.552678628762563
" All values, unless otherwise stated, are in US dollars.""",0.6543792287508646
" All values, unless otherwise stated, are in US dollars.""",0.538779213031133
" All values, unless otherwise stated, are in US dollars.""",0.5667758226394654
" All values, unless otherwise stated, are in US dollars.""",0.5667038242022197
" All values, unless otherwise stated, are in US dollars.""",0.5842665235201517
" All values, unless otherwise stated, are in US dollars.""",0.5001739780108134
" All values, unless otherwise stated, are in US dollars.""",0.5018519381682078
" All values, unless otherwise stated, are in US dollars.""",0.5939304947853088
" All values, unless otherwise stated, are in US dollars.""",0.5226200898488362
" All values, unless otherwise stated, are in US dollars.""",0.5675181070963542
" All values, unless otherwise stated, are in US dollars.""",0.5563945392767589
" All values, unless otherwise stated, are in US dollars.""",0.637273367245992
" All values, unless otherwise stated, are in US dollars.""",0.5461208363374074
" All values, unless otherwise stated, are in US dollars.""",0.5477779269218445
" All values, unless otherwise stated, are in US dollars.""",0.49382144610087075
" All values, unless otherwise stated, are in US dollars.""",0.5044615010420481
" All values, unless otherwise stated, are in US dollars.""",0.4821838875611623
" All values, unless otherwise stated, are in US dollars.""",0.5785302698612214
" All values, unless otherwise stated, are in US dollars.""",0.48519904414812726
" All values, unless otherwise stated, are in US dollars.""",0.6174302319685618
" All values, unless otherwise stated, are in US dollars.""",0.5873951037724813
" All values, unless otherwise stated, are in US dollars.""",0.5229357977708181
" All values, unless otherwise stated, are in US dollars.""",0.5237511694431305
" All values, unless otherwise stated, are in US dollars.""",0.5125517884890238
" All values, unless otherwise stated, are in US dollars.""",0.5386898080507915
" All values, unless otherwise stated, are in US dollars.""",0.5633331000804901
" All values, unless otherwise stated, are in US dollars.""",0.5413809021313986
" All values, unless otherwise stated, are in US dollars.""",0.5705468972524007
" All values, unless otherwise stated, are in US dollars.""",0.5211081345876057
" All values, unless otherwise stated, are in US dollars.""",0.5112156788508098
" All values, unless otherwise stated, are in US dollars.""",0.494466096162796
" All values, unless otherwise stated, are in US dollars.""",0.5974581201871236
" All values, unless otherwise stated, are in US dollars.""",0.5181947648525238
" All values, unless otherwise stated, are in US dollars.""",0.613937791188558
" All values, unless otherwise stated, are in US dollars.""",0.577766211827596
" All values, unless otherwise stated, are in US dollars.""",0.5093762238820394
" All values, unless otherwise stated, are in US dollars.""",0.524277259906133
" All values, unless otherwise stated, are in US dollars.""",0.5419114907582601
" All values, unless otherwise stated, are in US dollars.""",0.6072763999303182
" All values, unless otherwise stated, are in US dollars.""",0.5396687686443329
" All values, unless otherwise stated, are in US dollars.""",0.642838430404663
" All values, unless otherwise stated, are in US dollars.""",0.5070241729418437
" All values, unless otherwise stated, are in US dollars.""",0.5290310462315877
" All values, unless otherwise stated, are in US dollars.""",0.5392504175504048
" All values, unless otherwise stated, are in US dollars.""",0.5341655214627584
" All values, unless otherwise stated, are in US dollars.""",0.5366433600584666
" All values, unless otherwise stated, are in US dollars.""",0.5646866381168365
" All values, unless otherwise stated, are in US dollars.""",0.5638101458549499
" All values, unless otherwise stated, are in US dollars.""",0.558860570192337
" All values, unless otherwise stated, are in US dollars.""",0.5394561211268107
" All values, unless otherwise stated, are in US dollars.""",0.5438367247581481
" All values, unless otherwise stated, are in US dollars.""",0.5685251434644063
" All values, unless otherwise stated, are in US dollars.""",0.5022246797879537
" All values, unless otherwise stated, are in US dollars.""",0.5172007560729981
" All values, unless otherwise stated, are in US dollars.""",0.5085419873396556
" All values, unless otherwise stated, are in US dollars.""",0.53345854083697
" All values, unless otherwise stated, are in US dollars.""",0.5605814337730408
" All values, unless otherwise stated, are in US dollars.""",0.6687363107999166
" All values, unless otherwise stated, are in US dollars.""",0.6648630360762279
" All values, unless otherwise stated, are in US dollars.""",0.5425941904385885
" All values, unless otherwise stated, are in US dollars.""",0.5723990937074025
" All values, unless otherwise stated, are in US dollars.""",0.5691303034623464
" All values, unless otherwise stated, are in US dollars.""",0.5082524259885152
" All values, unless otherwise stated, are in US dollars.""",0.5604252914587656
" All values, unless otherwise stated, are in US dollars.""",0.5794234851996104
" All values, unless otherwise stated, are in US dollars.""",0.5743776659170786
" All values, unless otherwise stated, are in US dollars.""",0.5866726994514465
" All values, unless otherwise stated, are in US dollars.""",0.5467801292737325
" All values, unless otherwise stated, are in US dollars.""",0.5329839964707692
" All values, unless otherwise stated, are in US dollars.""",0.5611415982246399
" All values, unless otherwise stated, are in US dollars.""",0.5071859399477641
" All values, unless otherwise stated, are in US dollars.""",0.5970096786816915
" All values, unless otherwise stated, are in US dollars.""",0.5136227329572042
" All values, unless otherwise stated, are in US dollars.""",0.528699916601181
" All values, unless otherwise stated, are in US dollars.""",0.5617388745148977
" All values, unless otherwise stated, are in US dollars.""",0.459334659576416
" All values, unless otherwise stated, are in US dollars.""",0.5010101040204366
" All values, unless otherwise stated, are in US dollars.""",0.5040752768516541
" All values, unless otherwise stated, are in US dollars.""",0.5755013942718505
" All values, unless otherwise stated, are in US dollars.""",0.5050181567668914
" All values, unless otherwise stated, are in US dollars.""",0.5454048752784729
" All values, unless otherwise stated, are in US dollars.""",0.553207270304362
" All values, unless otherwise stated, are in US dollars.""",0.5173469285170237
" All values, unless otherwise stated, are in US dollars.""",0.4905654489994049
" All values, unless otherwise stated, are in US dollars.""",0.5179406940937042
" All values, unless otherwise stated, are in US dollars.""",0.6505733013153077
" All values, unless otherwise stated, are in US dollars.""",0.581382296482722
" All values, unless otherwise stated, are in US dollars.""",0.5714231173197428
" All values, unless otherwise stated, are in US dollars.""",0.6022026459376018
" All values, unless otherwise stated, are in US dollars.""",0.5541193366050721
" All values, unless otherwise stated, are in US dollars.""",0.5291109681129456
" All values, unless otherwise stated, are in US dollars.""",0.5367565393447876
" All values, unless otherwise stated, are in US dollars.""",0.5097789943218232
" All values, unless otherwise stated, are in US dollars.""",0.5102197925249735
" All values, unless otherwise stated, are in US dollars.""",0.5498540341854096
" All values, unless otherwise stated, are in US dollars.""",0.5907287259896596
" All values, unless otherwise stated, are in US dollars.""",0.5731779575347901
" All values, unless otherwise stated, are in US dollars.""",0.5823525269826253
" All values, unless otherwise stated, are in US dollars.""",0.5341975212097168
" All values, unless otherwise stated, are in US dollars.""",0.5773532410462697
" All values, unless otherwise stated, are in US dollars.""",0.5988555610179901
" All values, unless otherwise stated, are in US dollars.""",0.5185756882031759
" All values, unless otherwise stated, are in US dollars.""",0.5644298613071441
" All values, unless otherwise stated, are in US dollars.""",0.4901699602603912
" All values, unless otherwise stated, are in US dollars.""",0.5111943423748017
" All values, unless otherwise stated, are in US dollars.""",0.5166756172974905
" All values, unless otherwise stated, are in US dollars.""",0.49156262079874674
" All values, unless otherwise stated, are in US dollars.""",0.4930649121602376
" All values, unless otherwise stated, are in US dollars.""",0.5264121353626251
" All values, unless otherwise stated, are in US dollars.""",0.544423395395279
" All values, unless otherwise stated, are in US dollars.""",0.5388476967811584
" All values, unless otherwise stated, are in US dollars.""",0.5824812769889831
" All values, unless otherwise stated, are in US dollars.""",0.5577772120634715
" All values, unless otherwise stated, are in US dollars.""",0.5070905526479085
" All values, unless otherwise stated, are in US dollars.""",0.5062739014625549
" All values, unless otherwise stated, are in US dollars.""",0.5697562555472057
" All values, unless otherwise stated, are in US dollars.""",0.51392715771993
" All values, unless otherwise stated, are in US dollars.""",0.5553475797176362
" All values, unless otherwise stated, are in US dollars.""",0.5399155934651693
" All values, unless otherwise stated, are in US dollars.""",0.5727438271045685
" All values, unless otherwise stated, are in US dollars.""",0.531839640935262
" All values, unless otherwise stated, are in US dollars.""",0.5197012722492218
" All values, unless otherwise stated, are in US dollars.""",0.5361466983954112
" All values, unless otherwise stated, are in US dollars.""",0.5452429254849752
" All values, unless otherwise stated, are in US dollars.""",0.5574811816215515
" All values, unless otherwise stated, are in US dollars.""",0.48349204858144124
" All values, unless otherwise stated, are in US dollars.""",0.5443980892499288
" All values, unless otherwise stated, are in US dollars.""",0.6132592936356862
" All values, unless otherwise stated, are in US dollars.""",0.5005747000376384
" All values, unless otherwise stated, are in US dollars.""",0.5136584798494975
" All values, unless otherwise stated, are in US dollars.""",0.5644250472386678
" All values, unless otherwise stated, are in US dollars.""",0.5628278076648712
" All values, unless otherwise stated, are in US dollars.""",0.5471535782019298
" All values, unless otherwise stated, are in US dollars.""",0.5068888445695241
" All values, unless otherwise stated, are in US dollars.""",0.5463093360265096
" All values, unless otherwise stated, are in US dollars.""",0.6881073514620463
" All values, unless otherwise stated, are in US dollars.""",0.6158189316590627
" All values, unless otherwise stated, are in US dollars.""",0.4929625968138377
" All values, unless otherwise stated, are in US dollars.""",0.5730409185091655
" All values, unless otherwise stated, are in US dollars.""",0.5504630148410797
" All values, unless otherwise stated, are in US dollars.""",0.5879271149635314
" All values, unless otherwise stated, are in US dollars.""",0.6272935489813487
" All values, unless otherwise stated, are in US dollars.""",0.5300449391206106
" All values, unless otherwise stated, are in US dollars.""",0.48979822794596356
" All values, unless otherwise stated, are in US dollars.""",0.5159795880317688
" All values, unless otherwise stated, are in US dollars.""",0.5751702169577281
" All values, unless otherwise stated, are in US dollars.""",0.5409535388151805
" All values, unless otherwise stated, are in US dollars.""",0.5255388756593068
" All values, unless otherwise stated, are in US dollars.""",0.5445561289787293
" All values, unless otherwise stated, are in US dollars.""",0.562229863802592
" All values, unless otherwise stated, are in US dollars.""",0.5554326514403025
" All values, unless otherwise stated, are in US dollars.""",0.5145318627357482
" All values, unless otherwise stated, are in US dollars.""",0.563119254509608
" All values, unless otherwise stated, are in US dollars.""",0.537540876865387
" All values, unless otherwise stated, are in US dollars.""",0.5161213556925456
" All values, unless otherwise stated, are in US dollars.""",0.5671592315038045
" All values, unless otherwise stated, are in US dollars.""",0.5526923338572184
" All values, unless otherwise stated, are in US dollars.""",0.5288433869679768
" All values, unless otherwise stated, are in US dollars.""",0.570865132411321
" All values, unless otherwise stated, are in US dollars.""",0.5700922469298045
" All values, unless otherwise stated, are in US dollars.""",0.5210281769434612
" All values, unless otherwise stated, are in US dollars.""",0.640206636985143
" All values, unless otherwise stated, are in US dollars.""",0.5356546401977539
" All values, unless otherwise stated, are in US dollars.""",0.5168596545855204
" All values, unless otherwise stated, are in US dollars.""",0.5077612022558848
" All values, unless otherwise stated, are in US dollars.""",0.49993704160054525
" All values, unless otherwise stated, are in US dollars.""",0.5125491082668304
" All values, unless otherwise stated, are in US dollars.""",0.48703113396962483
" All values, unless otherwise stated, are in US dollars.""",0.5203644573688507
" All values, unless otherwise stated, are in US dollars.""",0.4982757071654002
" All values, unless otherwise stated, are in US dollars.""",0.5437465568383535
" All values, unless otherwise stated, are in US dollars.""",0.5385140518347422
" All values, unless otherwise stated, are in US dollars.""",0.5783813655376434
" All values, unless otherwise stated, are in US dollars.""",0.5870864450931549
" All values, unless otherwise stated, are in US dollars.""",0.5042688409487407
" All values, unless otherwise stated, are in US dollars.""",0.5417739311854045
" All values, unless otherwise stated, are in US dollars.""",0.5232200562953949
" All values, unless otherwise stated, are in US dollars.""",0.5689537982145946
" All values, unless otherwise stated, are in US dollars.""",0.49320814609527586
" All values, unless otherwise stated, are in US dollars.""",0.646453070640564
" All values, unless otherwise stated, are in US dollars.""",0.589362641175588
" All values, unless otherwise stated, are in US dollars.""",0.5245856722195943
" All values, unless otherwise stated, are in US dollars.""",0.5199253499507904
" All values, unless otherwise stated, are in US dollars.""",0.4869348625342051
" All values, unless otherwise stated, are in US dollars.""",0.49888731837272643
" All values, unless otherwise stated, are in US dollars.""",0.5145416061083475
" All values, unless otherwise stated, are in US dollars.""",0.5579263746738434
" All values, unless otherwise stated, are in US dollars.""",0.5200226604938507
" All values, unless otherwise stated, are in US dollars.""",0.5347684721151987
" All values, unless otherwise stated, are in US dollars.""",0.5432025094827017
" All values, unless otherwise stated, are in US dollars.""",0.5811929444471995
" All values, unless otherwise stated, are in US dollars.""",0.5258220771948496
" All values, unless otherwise stated, are in US dollars.""",0.5503851294517517
" All values, unless otherwise stated, are in US dollars.""",0.5371773699919383
" All values, unless otherwise stated, are in US dollars.""",0.5482429126898448
" All values, unless otherwise stated, are in US dollars.""",0.5492926359176635
" All values, unless otherwise stated, are in US dollars.""",0.6116273542245229
" All values, unless otherwise stated, are in US dollars.""",0.48657538294792174
" All values, unless otherwise stated, are in US dollars.""",0.5140548924605052
" All values, unless otherwise stated, are in US dollars.""",0.5307997902234395
" All values, unless otherwise stated, are in US dollars.""",0.5314173817634582
" All values, unless otherwise stated, are in US dollars.""",0.5231485466162363
" All values, unless otherwise stated, are in US dollars.""",0.6470569988091787
" All values, unless otherwise stated, are in US dollars.""",0.5303171594937642
" All values, unless otherwise stated, are in US dollars.""",0.521938004096349
" All values, unless otherwise stated, are in US dollars.""",0.5636949857076009
" All values, unless otherwise stated, are in US dollars.""",0.5139206926027934
" All values, unless otherwise stated, are in US dollars.""",0.47594313422838846
" All values, unless otherwise stated, are in US dollars.""",0.5299280246098836
" All values, unless otherwise stated, are in US dollars.""",0.5276835421721141
" All values, unless otherwise stated, are in US dollars.""",0.5904175639152527
" All values, unless otherwise stated, are in US dollars.""",0.5775627891222636
" All values, unless otherwise stated, are in US dollars.""",0.5281571487585703
" All values, unless otherwise stated, are in US dollars.""",0.552484522263209
" All values, unless otherwise stated, are in US dollars.""",0.5495453357696534
" All values, unless otherwise stated, are in US dollars.""",0.5089400509993235
" All values, unless otherwise stated, are in US dollars.""",0.499168332417806
" All values, unless otherwise stated, are in US dollars.""",0.5114094297091166
" All values, unless otherwise stated, are in US dollars.""",0.5526004215081533
" All values, unless otherwise stated, are in US dollars.""",0.4999482313791911
" All values, unless otherwise stated, are in US dollars.""",0.5301615138848622
" All values, unless otherwise stated, are in US dollars.""",0.5093035757541656
" All values, unless otherwise stated, are in US dollars.""",0.5217620611190796
" All values, unless otherwise stated, are in US dollars.""",0.5602919379870097
" All values, unless otherwise stated, are in US dollars.""",0.5049762189388275
" All values, unless otherwise stated, are in US dollars.""",0.5232533971468608
" All values, unless otherwise stated, are in US dollars.""",0.5185142676035563
" All values, unless otherwise stated, are in US dollars.""",0.5316820323467255
" All values, unless otherwise stated, are in US dollars.""",0.5908706029256184
" All values, unless otherwise stated, are in US dollars.""",0.5633868137995403
" All values, unless otherwise stated, are in US dollars.""",0.5704135139783223
" All values, unless otherwise stated, are in US dollars.""",0.6791573584079742
" All values, unless otherwise stated, are in US dollars.""",0.5402676224708557
" All values, unless otherwise stated, are in US dollars.""",0.5737247447172801
" All values, unless otherwise stated, are in US dollars.""",0.5111051460107168
" All values, unless otherwise stated, are in US dollars.""",0.4825990319252014
" All values, unless otherwise stated, are in US dollars.""",0.4931883414586385
" All values, unless otherwise stated, are in US dollars.""",0.5519077618916829
" All values, unless otherwise stated, are in US dollars.""",0.514319908618927
" All values, unless otherwise stated, are in US dollars.""",0.5159794509410858
" All values, unless otherwise stated, are in US dollars.""",0.50355184674263
" All values, unless otherwise stated, are in US dollars.""",0.5610749959945679
" All values, unless otherwise stated, are in US dollars.""",0.6084383527437845
" All values, unless otherwise stated, are in US dollars.""",0.4967264115810394
" All values, unless otherwise stated, are in US dollars.""",0.53384175101916
" All values, unless otherwise stated, are in US dollars.""",0.5536822557449341
" All values, unless otherwise stated, are in US dollars.""",0.5615392724672953
" All values, unless otherwise stated, are in US dollars.""",0.5992137730121613
" All values, unless otherwise stated, are in US dollars.""",0.5476922492186228
" All values, unless otherwise stated, are in US dollars.""",0.5022895375887553
" All values, unless otherwise stated, are in US dollars.""",0.5132434010505676
" All values, unless otherwise stated, are in US dollars.""",0.4902228474617004
" All values, unless otherwise stated, are in US dollars.""",0.5239107390244802
" All values, unless otherwise stated, are in US dollars.""",0.5196420053641001
" All values, unless otherwise stated, are in US dollars.""",0.5315537432829539
" All values, unless otherwise stated, are in US dollars.""",0.5211556375026702
" All values, unless otherwise stated, are in US dollars.""",0.6263565242290496
" All values, unless otherwise stated, are in US dollars.""",0.617898698647817
" All values, unless otherwise stated, are in US dollars.""",0.5852598468462626
" All values, unless otherwise stated, are in US dollars.""",0.5986035962899526
" All values, unless otherwise stated, are in US dollars.""",0.5604484856128693
" All values, unless otherwise stated, are in US dollars.""",0.5125918785730997
" All values, unless otherwise stated, are in US dollars.""",0.6092220564683278
" All values, unless otherwise stated, are in US dollars.""",0.6466945707798004
" All values, unless otherwise stated, are in US dollars.""",0.5314302484194438
" All values, unless otherwise stated, are in US dollars.""",0.509941695133845
" All values, unless otherwise stated, are in US dollars.""",0.5894738833109537
" All values, unless otherwise stated, are in US dollars.""",0.5743577937285106
" All values, unless otherwise stated, are in US dollars.""",0.5817082822322845
" All values, unless otherwise stated, are in US dollars.""",0.5286858518918355
" All values, unless otherwise stated, are in US dollars.""",0.5481155137221019
" All values, unless otherwise stated, are in US dollars.""",0.5174224555492402
" All values, unless otherwise stated, are in US dollars.""",0.5636490464210511
" All values, unless otherwise stated, are in US dollars.""",0.5043980737527212
" All values, unless otherwise stated, are in US dollars.""",0.5145820756753285
" All values, unless otherwise stated, are in US dollars.""",0.5392084896564484
" All values, unless otherwise stated, are in US dollars.""",0.5428952852884928
" All values, unless otherwise stated, are in US dollars.""",0.5001848578453064
" All values, unless otherwise stated, are in US dollars.""",0.5395664691925048
" All values, unless otherwise stated, are in US dollars.""",0.5438239753246308
" All values, unless otherwise stated, are in US dollars.""",0.4993141829967499
" All values, unless otherwise stated, are in US dollars.""",0.5305612325668335
" All values, unless otherwise stated, are in US dollars.""",0.5386200487613678
" All values, unless otherwise stated, are in US dollars.""",0.6128761390844981
" All values, unless otherwise stated, are in US dollars.""",0.5650739729404449
" All values, unless otherwise stated, are in US dollars.""",0.562350070476532
" All values, unless otherwise stated, are in US dollars.""",0.5944258670012156
" All values, unless otherwise stated, are in US dollars.""",0.5399895548820496
" All values, unless otherwise stated, are in US dollars.""",0.6511381487051646
" All values, unless otherwise stated, are in US dollars.""",0.7565555453300477
" All values, unless otherwise stated, are in US dollars.""",0.5438003758589427
" All values, unless otherwise stated, are in US dollars.""",0.5082889437675476
" All values, unless otherwise stated, are in US dollars.""",0.5912067373593648
" All values, unless otherwise stated, are in US dollars.""",0.5382146020730336
" All values, unless otherwise stated, are in US dollars.""",0.578848123550415
" All values, unless otherwise stated, are in US dollars.""",0.5489889979362488
" All values, unless otherwise stated, are in US dollars.""",0.5200039188067118
" All values, unless otherwise stated, are in US dollars.""",0.5939028422037761
" All values, unless otherwise stated, are in US dollars.""",0.514800759156545
" All values, unless otherwise stated, are in US dollars.""",0.5487608929475148
" All values, unless otherwise stated, are in US dollars.""",0.5352574169635773
" All values, unless otherwise stated, are in US dollars.""",0.5287201881408692
" All values, unless otherwise stated, are in US dollars.""",0.5146448691685994
" All values, unless otherwise stated, are in US dollars.""",0.5288447439670563
